timestamp,x_px,y_px,heading_deg
10.337,1011.5,27.2,84.7
10.370,1012.0,31.5,85.4
10.404,1011.5,36.5,85.4
10.437,1012.0,40.5,85.4
10.471,1012.0,44.5,85.4
10.504,1013.0,49.5,85.4
10.538,1013.0,53.5,85.4
10.571,1013.8,58.5,83.9
10.605,1013.5,63.5,84.0
10.672,1014.2,73.5,85.4
10.706,1014.8,78.5,85.4
10.739,1015.2,83.2,84.7
10.773,1015.0,87.8,86.1
10.806,1015.0,92.2,84.6
10.840,1015.2,96.8,86.2
10.874,1015.2,101.0,85.4
10.907,1015.2,106.0,85.4
10.941,1015.5,110.8,86.1
10.974,1015.8,115.8,86.1
11.008,1015.8,120.5,86.9
11.041,1015.8,125.5,86.9
11.075,1016.2,130.2,86.2
11.108,1016.5,134.2,86.1
11.142,1016.0,140.0,85.4
11.176,1016.0,144.5,85.5
11.209,1016.5,148.8,86.1
11.243,1016.5,153.5,86.9
11.276,1016.5,158.2,86.1
11.310,1016.5,163.2,86.1
11.343,1016.8,168.5,86.9
11.377,1017.2,173.2,87.6
11.410,1017.2,178.2,87.6
11.444,1016.8,182.8,86.2
11.478,1017.0,187.2,87.7
11.511,1016.5,191.8,86.1
11.545,1017.2,195.8,87.7
11.578,1018.0,200.8,87.7
11.612,1018.2,205.8,87.7
11.645,1018.5,210.2,86.1
11.679,1018.0,215.5,86.9
11.713,1018.2,220.5,86.9
11.746,1018.2,225.5,86.9
11.780,1018.2,230.0,86.9
11.813,1018.8,234.2,86.2
11.847,1019.0,238.8,87.7
11.880,1018.8,243.8,86.2
11.914,1019.0,247.8,87.7
11.947,1018.5,253.2,87.6
11.981,1018.8,258.8,87.6
12.015,1018.5,263.0,90.0
12.048,1018.8,268.0,88.4
12.082,1018.5,272.5,90.0
12.149,1018.8,281.5,88.4
12.182,1019.5,286.0,86.9
12.216,1020.0,290.5,88.5
12.249,1020.2,296.0,86.9
12.283,1020.0,300.5,88.5
12.317,1020.0,304.8,87.7
12.350,1020.8,309.5,88.4
12.384,1021.0,313.5,88.5
12.417,1021.5,319.0,86.9
12.451,1020.8,324.0,88.4
12.518,1020.2,333.5,88.4
12.552,1020.5,338.8,89.2
12.585,1020.8,342.8,89.2
12.619,1021.0,347.2,89.2
12.652,1021.0,351.0,90.0
12.686,1020.5,355.2,-269.2
12.719,1020.5,360.5,90.0
12.753,1021.2,364.5,90.0
12.786,1021.2,369.0,90.0
12.820,1021.8,373.8,-269.2
12.854,1022.0,378.8,-269.2
12.887,1021.2,384.0,90.0
12.921,1022.2,389.2,-269.2
12.954,1022.0,394.0,-268.5
12.988,1022.2,398.5,-268.4
13.021,1022.0,401.8,-269.2
13.055,1022.0,406.0,-268.5
13.088,1022.2,411.0,90.0
13.122,1022.2,414.8,-269.2
13.156,1022.5,420.0,90.0
13.189,1021.8,424.8,-269.2
13.223,1021.0,429.8,-269.2
13.256,1020.0,435.0,90.0
13.290,1020.0,440.0,-268.5
13.323,1019.8,444.5,-268.4
13.357,1019.8,448.8,-267.6
13.391,1019.0,451.8,-269.2
13.424,1019.0,456.8,-267.6
13.458,1018.5,461.5,-268.4
13.491,1018.8,466.5,-266.9
13.525,1019.0,471.8,-267.6
13.558,1018.8,476.8,-267.6
13.592,1019.0,482.0,-268.4
13.625,1018.8,485.2,-267.6
13.659,1019.0,486.0,-265.4
13.693,1019.8,487.2,-264.5
13.726,1020.8,487.5,-263.7
13.760,1022.2,487.2,-261.4
13.793,1023.2,488.8,-259.9
13.827,1023.0,489.0,-257.5
13.860,1022.8,489.2,-256.5
13.894,1022.8,491.0,-254.3
13.927,1023.0,491.2,-253.3
13.961,1022.5,491.8,-251.8
13.995,1022.2,492.5,-250.8
14.028,1021.2,492.0,-248.8
14.062,1020.8,492.2,-248.1
14.095,1020.5,492.2,-244.8
14.129,1020.8,492.5,-243.1
14.162,1020.2,493.0,-241.6
14.196,1020.0,492.8,-240.0
14.230,1019.8,493.5,-238.1
14.263,1019.5,494.0,-235.0
14.297,1019.5,493.5,-235.0
14.330,1019.2,493.8,-233.9
14.364,1019.2,493.0,-231.1
14.397,1018.2,492.8,-229.5
14.431,1018.0,493.0,-228.4
14.464,1018.0,492.5,-222.8
14.498,1017.8,493.0,-221.0
14.532,1018.5,493.8,-219.9
14.565,1018.0,494.2,-219.9
14.599,1017.0,494.2,-217.7
14.632,1016.2,494.2,-216.1
14.666,1016.0,494.5,-215.0
14.699,1016.0,493.8,-213.3
14.733,1015.2,494.2,-211.8
14.766,1015.2,494.5,-210.8
14.800,1015.8,494.5,-208.7
14.834,1016.0,495.0,-206.6
14.867,1015.8,495.2,-206.9
14.901,1016.0,495.5,-204.4
14.934,1015.0,495.5,-204.4
14.968,1014.5,495.0,-200.9
15.001,1014.5,495.0,-200.9
15.035,1014.8,494.2,-198.4
15.069,1014.8,494.5,-196.7
15.102,1014.5,495.2,-194.2
15.136,1013.5,494.8,-192.7
15.169,1013.0,495.0,-191.0
15.203,1012.2,495.2,-190.1
15.236,1011.8,494.8,-188.6
15.270,1011.0,494.2,-186.3
15.303,1011.5,494.2,-184.7
15.337,1009.5,494.0,-183.2
15.371,1006.0,494.2,-183.1
15.404,1003.0,494.8,-183.1
15.438,999.5,495.2,-183.2
15.471,996.2,495.8,-182.4
15.505,992.2,496.5,-182.4
15.538,987.2,496.8,-182.4
15.572,983.8,497.8,-182.4
15.606,979.2,497.5,-184.0
15.639,976.2,497.5,-184.0
15.673,971.8,498.8,-182.4
15.706,967.2,499.0,-182.4
15.740,962.2,499.8,-182.4
15.773,957.5,500.2,-183.2
15.807,953.8,500.2,-182.4
15.840,950.0,501.2,-183.1
15.874,945.5,502.0,-183.2
15.908,941.0,502.2,-183.1
15.941,936.0,503.0,-183.2
15.975,931.8,503.5,-180.8
16.008,926.8,504.0,-182.4
16.042,922.0,504.2,-183.1
16.075,917.5,504.5,-181.6
16.109,913.2,505.8,-182.4
16.142,908.5,505.5,-183.3
16.176,903.8,506.8,-182.4
16.210,899.0,507.8,-183.2
16.243,894.0,508.0,-181.6
16.277,889.2,508.8,-182.4
16.310,884.8,509.0,-182.3
16.344,880.0,509.5,-181.6
16.377,875.2,510.2,-182.4
16.411,870.0,510.0,-181.6
16.445,865.8,510.8,-180.8
16.478,860.8,510.5,-182.4
16.512,856.0,511.8,-181.6
16.545,852.0,513.0,-181.6
16.579,847.8,512.8,-182.4
16.612,843.8,513.5,-182.4
16.646,838.5,514.2,-183.1
16.679,834.8,514.0,-184.0
16.713,829.8,513.8,-182.4
16.747,825.5,514.5,-183.2
16.780,821.0,515.0,-183.1
16.814,817.0,515.8,-181.6
16.847,812.5,516.2,-183.1
16.881,809.2,517.8,-182.4
16.914,804.0,518.2,-183.1
16.948,800.0,518.5,-181.6
16.981,795.0,518.8,-181.6
17.015,791.2,518.2,-182.4
17.049,786.0,518.5,-181.6
17.082,782.0,519.5,-181.6
17.116,777.5,520.0,-183.2
17.183,767.8,521.5,-182.4
17.216,763.0,521.5,-181.6
17.250,758.2,522.2,-182.4
17.284,754.0,521.8,-181.6
17.317,750.2,522.0,-182.3
17.351,745.0,522.8,-181.6
17.418,735.0,524.5,-181.6
17.451,730.0,524.5,-181.6
17.485,726.2,525.0,-182.3
17.518,722.0,525.2,-181.6
17.586,711.8,526.2,-182.4
17.619,707.0,526.8,-181.6
17.686,697.5,528.5,-181.6
17.720,693.0,527.8,-181.6
17.753,688.5,528.5,-180.0
17.787,683.2,528.5,-182.4
17.820,678.8,528.2,-180.8
17.854,673.8,529.2,-180.8
17.888,669.2,529.2,-182.4
17.921,664.8,530.2,-180.8
17.955,660.5,531.2,-183.1
17.988,655.8,531.0,-182.3
18.022,651.5,531.5,-181.6
18.055,648.5,531.8,-178.4
18.089,646.5,532.8,-176.9
18.123,646.5,534.5,-173.8
18.156,646.0,534.5,-175.4
18.190,646.5,535.0,-173.8
18.223,646.2,534.8,-171.4
18.257,645.8,535.0,-170.0
18.290,645.0,536.0,-169.0
18.324,646.0,535.8,-167.6
18.357,646.2,535.0,-165.2
18.391,646.8,536.0,-163.3
18.425,645.5,535.2,-162.8
18.458,645.5,534.8,-161.3
18.492,645.2,534.8,-160.1
18.525,645.2,533.5,-158.9
18.559,645.2,533.5,-156.9
18.592,645.0,533.2,-156.5
18.626,645.5,533.0,-156.2
18.659,644.8,534.8,-153.8
18.693,644.5,534.2,-151.0
18.727,644.5,534.5,-150.6
18.760,644.5,534.2,-149.7
18.794,644.0,532.8,-147.6
18.827,643.8,533.2,-148.2
18.861,643.0,533.5,-144.6
18.894,643.0,533.2,-144.2
18.928,642.8,533.5,-143.1
18.962,642.8,533.2,-140.5
18.995,642.5,534.2,-139.9
19.029,641.8,533.5,-138.8
19.062,640.2,531.5,-138.8
19.096,638.0,530.0,-139.2
19.129,635.8,527.5,-138.8
19.163,633.2,525.5,-138.8
19.196,630.5,523.2,-137.7
19.230,627.5,521.0,-137.2
19.264,624.2,518.5,-138.8
19.297,620.5,516.2,-137.7
19.331,617.8,513.8,-138.3
19.364,614.8,510.2,-138.3
19.398,611.8,507.5,-138.8
19.431,608.2,504.0,-138.8
19.465,605.0,501.5,-137.2
19.498,600.5,499.0,-137.2
19.532,598.5,496.8,-137.7
19.566,595.5,494.5,-137.2
19.599,591.8,491.5,-138.8
19.633,588.5,488.8,-137.7
19.666,584.0,486.0,-138.4
19.700,580.5,482.0,-137.2
19.733,577.5,479.8,-137.7
19.767,574.2,476.5,-136.6
19.801,571.2,473.8,-136.1
19.834,567.5,472.0,-137.2
19.868,563.8,469.0,-137.7
19.901,559.8,466.2,-137.2
19.935,556.8,463.0,-137.7
19.968,553.5,459.5,-137.2
20.002,550.2,456.8,-136.1
20.035,546.8,452.8,-137.2
20.069,542.0,450.5,-136.1
20.103,537.5,448.0,-137.2
20.136,533.8,444.2,-138.3
20.170,530.8,442.0,-137.7
20.203,527.0,438.2,-136.7
20.237,523.5,435.2,-137.7
20.270,519.2,432.0,-135.6
20.304,515.2,428.2,-136.1
20.337,511.0,426.0,-136.1
20.371,508.0,423.0,-136.1
20.405,505.0,420.0,-136.1
20.438,501.2,417.5,-137.7
20.472,497.8,414.0,-137.7
20.505,493.2,410.8,-137.2
20.539,489.2,407.5,-136.6
20.572,486.0,404.5,-137.2
20.640,478.8,398.0,-135.5
20.673,475.2,395.5,-136.6
20.707,470.5,392.5,-137.2
20.740,467.2,389.0,-136.6
20.774,463.8,386.2,-135.0
20.807,460.5,383.5,-135.0
20.841,457.8,381.8,-131.8
20.874,455.8,380.8,-129.7
20.908,453.8,379.5,-129.1
20.942,453.0,378.5,-127.5
20.975,452.8,378.0,-124.9
21.009,453.0,377.8,-123.9
21.042,453.2,378.0,-121.6
21.076,453.0,378.0,-121.2
21.109,452.5,377.8,-118.6
21.143,452.8,377.8,-116.9
21.177,453.2,377.0,-114.9
21.210,453.2,376.2,-113.6
21.244,453.5,375.8,-111.9
21.277,452.8,375.5,-111.0
21.311,452.0,376.0,-108.0
21.344,451.8,376.0,-107.7
21.378,452.2,376.2,-105.6
21.411,452.2,377.5,-104.9
21.445,452.2,376.0,-103.5
21.479,452.2,376.2,-101.3
21.512,451.2,376.0,-100.3
21.546,451.5,375.2,-99.7
21.579,451.5,375.2,-98.0
21.613,451.5,375.0,-97.3
21.646,450.5,374.0,-97.3
21.680,449.2,371.8,-98.1
21.713,448.2,368.8,-98.1
21.747,448.2,365.5,-97.4
21.781,448.8,360.5,-97.4
21.814,448.8,356.2,-98.1
21.848,448.2,352.0,-97.4
21.881,448.0,347.0,-97.5
21.915,446.2,343.2,-96.7
21.948,446.0,338.8,-96.6
21.982,445.2,334.5,-97.4
22.016,446.2,329.2,-98.1
22.049,445.5,324.8,-96.8
22.083,445.2,320.0,-97.4
22.116,444.2,315.2,-96.7
22.150,442.8,310.8,-96.7
22.183,442.0,305.8,-96.6
22.217,441.0,302.0,-95.9
22.250,440.8,296.8,-96.7
22.284,440.0,292.5,-95.9
22.318,439.0,288.5,-97.5
22.351,437.2,283.2,-96.7
22.385,436.5,279.8,-96.8
22.418,435.5,274.0,-96.0
22.452,435.0,268.8,-95.1
22.485,434.0,264.8,-95.1
22.519,433.0,259.0,-95.9
22.552,433.0,254.5,-95.9
22.586,432.0,250.5,-95.9
22.620,431.5,245.0,-94.5
22.653,430.5,241.2,-95.3
22.687,430.0,235.8,-95.1
22.720,429.0,230.8,-95.1
22.754,428.0,226.5,-94.4
22.787,427.2,221.5,-95.9
22.821,426.8,216.5,-94.5
22.855,425.8,211.8,-93.7
22.888,424.5,206.5,-94.4
22.922,423.0,202.2,-95.1
22.955,422.2,197.5,-95.9
22.989,421.2,193.0,-94.3
23.022,420.2,187.0,-94.5
23.056,419.0,182.8,-95.1
23.089,418.2,178.0,-94.3
23.123,417.5,173.2,-93.7
23.157,417.5,168.8,-93.7
23.190,416.0,163.2,-95.1
23.224,415.8,160.8,-96.5
23.257,415.0,158.8,-96.6
23.291,415.5,157.0,-98.7
23.324,415.2,157.0,-100.0
23.358,416.2,155.2,-102.1
23.391,416.0,155.8,-103.7
23.425,415.8,156.5,-105.9
23.459,415.8,155.5,-105.9
23.492,416.0,155.5,-109.4
23.526,416.8,154.5,-110.5
23.559,417.0,154.0,-112.1
23.593,417.0,154.5,-114.0
23.626,417.2,154.5,-115.6
23.660,416.0,155.0,-117.2
23.694,416.0,155.2,-118.6
23.727,416.0,155.0,-120.5
23.761,416.2,155.5,-122.1
23.794,415.8,155.5,-123.3
23.828,415.2,155.5,-124.9
23.861,415.2,155.2,-126.7
23.895,416.2,155.5,-128.2
23.928,416.8,155.0,-131.4
23.962,417.5,154.8,-134.5
23.996,418.0,154.8,-136.5
24.029,418.5,154.0,-138.1
24.063,418.5,154.5,-139.2
24.096,419.0,154.2,-141.8
24.130,420.0,154.5,-143.4
24.163,420.8,155.2,-146.5
24.197,420.5,155.2,-147.9
24.230,420.2,156.5,-148.9
24.264,420.5,156.2,-151.2
24.298,421.5,156.0,-152.8
24.331,421.5,156.8,-155.7
24.365,421.8,156.2,-157.0
24.398,422.0,156.5,-157.9
24.432,421.5,157.0,-159.3
24.465,421.2,157.2,-161.6
24.499,421.8,157.8,-163.0
24.533,422.5,157.5,-165.3
24.566,423.0,158.0,-167.0
24.600,423.0,158.0,-168.4
24.633,423.2,157.8,-170.7
24.667,422.5,158.2,-171.4
24.700,422.2,157.5,-173.6
24.734,422.0,157.8,-175.7
24.767,422.8,158.8,-177.8
24.801,423.2,158.8,-179.3
24.835,423.5,159.0,-181.4
24.868,424.0,160.0,-184.2
24.902,422.2,159.0,-183.6
24.935,419.5,159.8,-184.3
24.969,415.5,160.0,-184.3
25.002,413.0,160.0,-184.3
25.036,410.5,161.0,-184.3
25.069,407.5,161.0,-184.3
25.103,403.0,161.5,-184.4
25.137,398.8,162.0,-185.1
25.170,393.2,162.8,-183.6
25.204,389.0,162.8,-185.8
25.237,384.2,162.8,-183.6
25.271,380.0,163.0,-184.3
25.304,375.0,163.5,-184.4
25.338,370.2,163.5,-185.1
25.372,365.2,164.0,-183.6
25.405,359.8,164.5,-183.7
25.439,354.0,165.2,-184.3
25.472,349.0,165.8,-184.3
25.506,344.8,165.5,-183.7
25.539,339.5,165.5,-184.4
25.573,335.0,166.0,-184.3
25.606,329.8,166.5,-183.7
25.640,324.2,167.0,-183.7
25.674,319.5,167.0,-184.3
25.707,314.5,167.5,-184.4
25.741,309.5,168.0,-184.3
25.774,304.8,168.8,-183.6
25.808,299.8,168.8,-183.6
25.841,294.8,169.0,-183.6
25.875,289.2,169.2,-185.1
25.908,284.2,169.2,-185.1
25.942,279.0,170.0,-184.3
25.976,274.0,170.0,-184.3
26.009,268.2,170.2,-185.1
26.043,263.5,171.0,-184.3
26.076,258.5,171.0,-184.3
26.110,253.5,171.5,-182.9
26.143,248.0,171.5,-182.9
26.177,243.0,172.0,-182.9
26.211,237.2,172.8,-183.6
26.244,232.2,172.8,-183.6
26.278,227.0,173.0,-184.3
26.345,216.0,174.0,-182.9
26.378,210.5,175.0,-184.3
26.412,205.2,175.0,-185.0
26.445,199.8,175.2,-183.5
26.479,194.5,175.8,-181.4
26.513,189.2,175.8,-183.6
26.546,183.8,176.0,-183.6
26.580,179.0,176.2,-182.8
26.613,173.8,177.0,-183.6
26.647,168.5,177.0,-184.3
26.680,163.0,177.0,-182.9
26.714,157.8,177.5,-182.1
26.747,153.0,177.5,-182.9
26.781,147.8,178.2,-183.5
26.848,136.8,179.2,-183.5
26.882,132.0,180.0,-182.9
26.915,126.5,180.0,-184.3
26.949,121.8,180.5,-182.1
26.982,116.5,180.2,-181.5
27.050,103.8,181.0,-183.6
27.083,99.2,181.2,-185.1
27.117,97.5,182.0,-185.6
27.150,96.5,181.5,-188.5
27.184,95.2,180.8,-187.7
27.217,93.8,181.0,-189.2
27.251,92.8,181.0,-192.0
27.284,91.8,181.0,-193.7
27.318,92.5,180.5,-195.8
27.352,93.0,179.5,-197.1
27.385,94.0,179.5,-198.4
27.419,94.0,179.2,-201.3
27.452,94.0,179.2,-201.8
27.486,93.5,179.8,-204.4
27.519,93.2,179.5,-205.3
27.553,93.5,180.0,-205.9
27.587,94.0,179.8,-209.4
27.620,94.8,179.5,-211.6
27.654,94.5,180.5,-212.2
27.687,95.0,180.2,-215.6
27.721,95.5,180.2,-215.6
27.754,95.8,180.5,-217.7
27.788,97.2,180.0,-218.6
27.821,97.8,180.5,-220.5
27.855,98.8,180.2,-222.0
27.889,98.8,180.0,-227.4
27.922,99.0,180.8,-228.4
27.956,98.5,180.5,-228.9
27.989,98.2,180.8,-231.0
28.023,98.8,180.5,-232.4
28.056,99.8,180.0,-235.2
28.090,100.2,180.2,-236.9
28.123,100.2,180.2,-238.8
28.157,100.8,180.5,-239.4
28.191,100.2,181.0,-242.5
28.224,100.2,180.8,-243.1
28.258,100.0,181.2,-244.7
28.291,99.8,181.0,-245.6
28.325,100.0,181.5,-248.5
28.358,99.5,181.8,-249.1
28.392,100.0,180.8,-250.9
28.426,99.8,181.8,-252.4
28.459,99.8,181.5,-254.4
28.493,100.5,181.2,-255.3
28.526,100.5,181.0,-257.6
28.560,101.0,180.5,-259.0
28.593,101.0,180.8,-259.6
28.627,100.8,180.2,-262.3
28.660,100.2,180.2,-263.7
28.694,99.5,180.5,-265.8
28.728,99.5,179.8,-266.5
28.761,98.2,180.0,-268.6
28.795,98.8,180.0,88.6
28.828,98.5,181.2,87.9
28.862,99.0,185.0,88.6
28.895,99.2,188.0,88.6
28.929,99.2,191.5,88.6
28.962,99.0,195.5,88.6
28.996,98.2,200.0,88.6
29.030,99.0,204.0,88.6
29.063,100.5,208.8,89.3
29.097,101.5,212.8,-269.3
29.130,101.0,218.0,-268.6
29.164,101.0,223.2,-269.3
29.265,103.2,237.5,88.6
29.298,103.5,243.0,88.6
29.332,104.0,247.5,88.6
29.365,103.5,252.8,-269.3
29.399,104.0,257.5,88.6
29.499,106.0,273.5,90.0
29.533,106.0,277.8,89.3
29.567,105.5,283.0,90.0
29.667,106.5,299.2,89.3
29.701,106.5,304.8,89.3
29.734,107.0,309.0,90.0
29.801,107.0,319.2,-269.3
29.869,107.8,329.8,-269.3
29.902,107.5,334.5,-268.6
30.070,109.2,360.5,88.6
30.137,109.2,371.0,-268.6
30.171,109.2,375.5,88.6
30.238,110.2,386.5,-268.6
30.338,110.0,401.0,90.0
30.372,110.0,405.8,-269.3
30.406,109.8,411.0,-268.5
30.439,110.5,416.0,-268.6
30.473,110.2,421.5,-268.6
30.506,110.2,426.5,-268.6
30.573,110.5,437.8,-267.9
30.607,110.2,442.5,-268.6
30.674,111.2,453.0,-268.6
30.708,111.5,457.2,-267.9
30.775,111.2,467.5,90.0
30.943,111.5,493.0,-268.6
31.010,111.0,503.5,90.0
31.043,111.5,508.0,-268.6
31.177,111.5,526.8,-269.3
31.245,112.2,537.0,-268.6
31.278,113.0,539.2,87.9
31.312,112.8,542.5,87.2
31.345,112.0,544.0,84.4
31.379,112.2,544.5,84.2
31.412,113.5,546.5,81.5
31.446,114.8,545.0,80.0
31.479,115.8,545.8,79.2
31.513,113.8,546.5,77.2
31.547,114.2,546.8,75.1
31.580,112.8,547.5,72.7
31.614,114.2,546.8,71.6
31.647,113.8,546.8,69.7
31.681,113.5,547.0,69.3
31.714,113.5,546.0,66.6
31.748,113.2,545.8,65.7
31.782,112.0,546.0,64.7
31.815,111.0,546.5,62.8
31.849,110.8,547.5,61.2
31.882,110.8,547.2,58.5
31.916,110.8,547.2,56.5
31.949,111.2,547.8,55.3
31.983,110.2,547.8,53.3
32.016,110.2,547.5,51.8
32.050,110.0,547.5,50.2
32.084,110.2,547.2,49.2
32.117,111.2,547.8,45.0
32.151,111.5,547.8,43.5
32.184,112.0,547.8,41.4
32.218,111.0,547.8,40.3
32.251,111.8,547.2,37.6
32.285,111.5,546.8,36.1
32.318,112.5,546.0,34.5
32.352,112.8,546.0,32.6
32.386,112.2,546.5,30.6
32.419,112.0,546.8,29.6
32.453,111.8,547.0,27.2
32.486,111.5,547.0,25.9
32.520,111.5,547.2,24.3
32.553,111.8,547.8,21.7
32.587,111.2,547.2,20.3
32.621,111.0,547.2,18.2
32.654,110.5,548.0,16.6
32.688,110.2,548.0,15.8
32.721,110.2,548.2,12.8
32.755,110.0,548.2,10.3
32.788,109.5,548.8,8.9
32.822,109.2,548.8,7.9
32.855,108.8,548.2,6.5
32.889,109.0,548.2,4.5
32.923,108.2,548.8,2.2
32.956,108.2,548.0,0.7
32.990,108.0,549.0,-3.0
33.023,107.8,548.5,-3.7
33.057,107.5,548.8,-5.9
33.090,107.0,550.0,-7.3
33.124,106.5,549.8,-8.9
33.157,106.5,550.5,-11.9
33.191,106.5,551.0,-11.9
33.225,107.0,551.2,-14.6
33.258,106.5,552.2,-16.3
33.292,107.2,551.8,-18.4
33.325,107.2,552.0,-18.7
33.359,106.8,552.8,-20.3
33.392,108.0,552.2,-22.9
33.426,107.0,553.2,-23.7
33.460,107.2,553.0,-26.6
33.493,107.0,553.2,-27.6
33.527,108.5,552.2,-27.6
33.560,111.5,551.2,-27.6
33.594,113.8,549.2,-28.2
33.627,117.0,548.0,-27.9
33.661,119.2,547.0,-27.2
33.694,124.5,544.2,-27.6
33.728,128.8,542.5,-26.6
33.762,133.5,540.0,-26.6
33.795,137.5,537.2,-27.6
33.829,141.5,535.8,-26.2
33.862,145.8,533.8,-26.9
33.896,150.8,531.5,-26.6
33.963,159.8,527.0,-27.9
34.030,168.5,522.5,-27.2
34.064,173.2,520.2,-27.6
34.097,178.0,518.2,-27.6
34.164,187.2,513.5,-26.6
34.198,191.8,512.0,-27.2
34.231,196.2,509.2,-26.9
34.265,201.2,506.5,-27.2
34.299,205.8,504.2,-26.9
34.332,210.5,501.8,-26.2
34.366,215.2,500.2,-26.9
34.399,219.5,498.5,-25.9
34.433,223.8,496.2,-25.6
34.466,228.0,494.2,-26.2
34.500,232.5,491.5,-25.9
34.533,237.2,488.8,-25.6
34.567,242.2,486.8,-26.9
34.634,252.0,482.0,-26.6
34.668,256.8,480.5,-26.6
34.701,261.5,478.0,-25.9
34.735,266.0,476.5,-25.9
34.768,270.8,473.8,-25.6
34.802,275.8,471.8,-25.6
34.836,280.8,469.5,-25.2
34.903,290.5,465.2,-25.6
34.936,295.0,463.0,-24.6
34.970,299.8,461.8,-25.6
35.003,304.0,459.8,-24.9
35.037,308.8,457.0,-25.2
35.070,313.2,455.0,-25.9
35.104,318.2,453.0,-25.9
35.138,323.5,450.8,-24.9
35.171,328.0,448.8,-24.9
35.205,332.5,446.5,-24.6
35.238,336.5,444.2,-24.9
35.272,341.0,442.0,-24.6
35.305,345.5,439.8,-24.9
35.339,350.5,438.2,-25.5
35.372,354.8,436.2,-25.6
35.406,359.8,434.0,-23.9
35.440,364.0,432.0,-24.6
35.473,368.5,429.5,-23.2
35.507,372.8,427.2,-24.2
35.574,383.0,423.5,-23.8
35.607,387.8,421.8,-24.2
35.641,391.2,420.0,-23.9
35.675,395.5,417.8,-24.9
35.708,399.8,415.8,-24.2
35.742,404.2,413.2,-24.2
35.775,409.2,411.5,-24.5
35.809,413.5,409.8,-23.5
35.842,417.5,407.8,-23.5
35.876,421.5,406.2,-23.5
35.909,425.5,404.2,-23.5
35.943,429.8,402.5,-24.5
35.977,434.2,400.5,-23.9
36.010,438.5,398.2,-23.5
36.044,442.2,396.0,-23.9
36.077,447.0,393.8,-22.9
36.111,451.0,391.8,-22.9
36.144,455.8,390.5,-22.5
36.178,460.5,388.8,-23.5
36.211,464.8,387.0,-23.9
36.245,469.2,384.8,-23.6
36.279,473.0,383.5,-21.8
36.312,477.8,381.2,-24.2
36.346,482.8,379.2,-24.2
36.379,487.0,376.8,-22.9
36.413,491.8,374.5,-22.5
36.446,496.5,373.2,-23.5
36.480,500.5,371.2,-23.5
36.514,504.2,369.5,-22.5
36.547,509.2,368.0,-22.5
36.581,513.5,365.5,-21.8
36.614,517.8,363.5,-22.5
36.648,523.0,361.0,-21.8
36.681,527.2,358.5,-22.5
36.715,531.2,357.5,-22.5
36.748,535.0,355.2,-22.1
36.782,539.2,353.8,-22.8
36.816,542.8,353.0,-22.5
36.849,545.0,352.0,-23.2
36.883,546.5,352.0,-25.2
36.916,547.2,351.2,-27.6
36.950,547.8,350.8,-28.9
36.983,548.0,351.8,-31.6
37.017,548.5,351.0,-32.0
37.050,548.8,351.5,-33.9
37.084,548.2,351.5,-36.0
37.118,548.8,351.2,-36.4
37.151,548.0,351.2,-39.1
37.185,547.8,350.5,-38.1
37.218,547.5,350.8,-37.0
37.252,547.5,350.8,-34.9
37.285,548.5,349.8,-35.8
37.319,550.0,348.5,-35.4
37.353,552.5,346.0,-35.4
37.386,554.8,344.5,-36.0
37.420,558.2,343.2,-36.4
37.453,561.2,341.0,-36.9
37.487,564.0,338.8,-37.0
37.520,566.5,336.2,-35.8
37.554,570.2,333.0,-34.7
37.587,573.0,330.8,-34.9
37.621,577.5,326.8,-35.8
37.655,581.2,323.8,-34.3
37.688,584.5,321.5,-35.4
37.722,588.0,319.0,-34.1
37.755,590.8,316.0,-34.7
37.789,594.0,313.2,-33.7
37.822,598.2,311.0,-34.7
37.856,601.8,308.2,-35.2
37.889,605.5,304.5,-35.4
37.923,609.0,302.0,-34.1
37.957,612.8,299.2,-35.2
37.990,616.2,296.5,-36.0
38.024,620.2,293.8,-35.2
38.057,624.8,290.8,-35.2
38.091,628.8,288.0,-34.7
38.124,632.0,284.5,-34.1
38.158,635.0,281.2,-33.7
38.192,639.0,278.2,-33.7
38.225,643.0,275.8,-33.7
38.259,646.8,273.0,-34.7
38.292,650.0,270.5,-33.3
38.326,653.8,268.8,-34.3
38.359,657.5,265.5,-35.4
38.393,661.2,262.2,-34.3
38.426,665.0,259.5,-33.3
38.460,669.2,256.5,-32.6
38.494,672.2,253.8,-33.1
38.527,676.0,250.5,-33.3
38.561,680.8,248.2,-34.3
38.594,684.0,245.2,-33.7
38.628,686.0,242.2,-31.6
38.661,685.5,241.2,-28.2
38.695,686.0,240.0,-27.9
38.728,686.8,239.2,-26.9
38.762,687.2,237.8,-25.6
38.796,689.0,237.2,-22.9
38.829,689.2,237.8,-22.2
38.863,689.0,237.0,-21.3
38.896,688.5,236.8,-19.6
38.930,689.2,236.5,-17.3
38.963,690.5,235.8,-16.3
38.997,690.8,236.2,-15.6
39.031,691.2,235.8,-12.8
39.064,690.8,236.0,-11.2
39.098,691.2,236.0,-9.7
39.131,692.0,237.0,-9.0
39.165,692.8,237.0,-8.0
39.198,693.8,237.2,-6.7
39.232,693.2,237.0,-5.3
39.265,693.8,236.8,-3.7
39.299,693.8,236.2,-2.2
39.333,694.2,237.2,-0.7
39.366,694.2,237.2,0.7
39.400,695.0,236.5,2.9
39.433,695.0,237.2,4.5
39.467,695.5,237.5,6.0
39.500,695.5,236.5,7.5
39.534,695.8,237.0,9.7
39.568,696.2,237.5,11.2
39.601,696.2,237.5,12.6
39.635,695.8,238.2,12.8
39.668,696.0,238.0,15.1
39.702,697.0,237.2,16.8
39.735,697.2,237.8,18.9
39.769,697.8,237.8,20.8
39.802,697.5,238.0,23.2
39.836,697.5,238.5,24.6
39.870,698.0,238.5,26.6
39.903,699.0,238.5,27.9
39.937,699.0,238.5,29.2
39.970,699.2,237.8,32.2
40.004,698.8,237.8,32.2
40.037,699.0,238.0,35.4
40.071,699.0,237.8,37.0
40.104,699.2,238.2,37.6
40.138,699.2,238.8,38.5
40.172,699.5,238.8,40.1
40.205,699.5,239.2,42.4
40.239,699.2,238.8,42.8
40.272,699.2,238.2,48.2
40.306,698.8,238.2,49.3
40.339,698.5,238.2,51.9
40.373,698.2,238.2,53.6
40.407,698.8,238.5,54.2
40.440,698.2,238.8,55.7
40.474,699.8,240.5,55.1
40.507,700.8,242.8,55.7
40.541,702.2,245.5,55.5
40.574,704.2,247.8,55.7
40.608,707.0,251.2,56.5
40.641,709.5,254.2,56.5
40.675,713.0,258.0,55.9
40.709,715.8,261.8,54.8
40.742,718.0,265.2,56.5
40.776,720.8,269.2,56.9
40.809,723.2,273.0,56.3
40.843,726.5,276.8,54.4
40.876,729.8,280.5,57.6
40.910,732.2,284.2,56.1
40.943,734.5,288.2,56.5
40.977,737.2,292.8,56.1
41.011,739.2,296.2,56.1
41.044,743.0,300.8,56.5
41.078,745.5,304.2,56.5
41.111,748.8,308.0,56.7
41.145,751.0,312.0,55.9
41.178,753.0,315.5,55.9
41.212,755.8,320.2,56.1
41.246,758.0,324.2,56.5
41.279,761.5,327.5,57.2
41.313,763.8,332.2,56.1
41.346,766.2,335.8,56.9
41.380,768.8,339.2,56.1
41.413,771.0,343.8,57.8
41.447,773.5,346.8,57.8
41.480,776.5,351.2,56.5
41.514,778.8,355.8,58.2
41.548,781.8,359.2,56.1
41.581,783.5,363.5,57.2
41.615,785.2,365.8,56.9
41.648,785.2,367.2,54.8
41.682,786.0,368.2,53.1
41.715,786.5,368.5,50.4
41.749,786.8,370.5,48.7
41.782,786.5,371.0,48.2
41.816,786.5,371.2,43.4
41.850,786.8,372.0,41.2
41.883,786.5,372.0,40.6
41.917,786.8,371.8,37.6
41.950,786.8,372.0,36.9
41.984,786.5,371.2,35.8
42.017,786.5,372.2,33.7
42.051,786.0,372.8,32.4
42.085,785.2,372.5,29.3
42.118,785.8,373.0,27.9
42.152,785.2,373.2,27.6
42.185,785.0,372.2,24.9
42.219,785.0,372.8,23.5
42.252,785.2,372.2,21.4
42.286,785.2,372.2,19.4
42.319,785.0,373.8,18.7
42.353,784.5,373.8,16.8
42.387,783.8,375.0,16.3
42.420,783.0,374.5,14.0
42.454,783.5,374.5,12.2
42.487,783.2,375.0,11.5
42.521,783.5,374.8,9.1
42.554,783.0,375.2,7.6
42.588,782.0,375.8,6.1
42.621,781.5,375.5,6.0
42.655,781.2,376.0,3.8
42.689,781.5,375.5,3.0
42.722,781.5,375.8,-1.5
42.756,781.2,376.0,-2.3
42.789,781.0,375.8,-3.1
42.823,780.8,376.8,-5.3
42.856,780.5,376.8,-7.8
42.890,780.2,377.0,-8.5
42.924,780.5,378.0,-12.2
42.957,780.8,377.5,-12.9
42.991,779.2,378.8,-14.6
43.024,778.8,378.5,-16.3
43.058,778.0,377.8,-18.7
43.091,778.2,379.2,-19.4
43.125,778.5,378.8,-20.6
43.158,778.0,379.0,-23.8
43.192,777.2,380.0,-24.5
43.226,777.0,380.0,-25.9
43.259,777.0,380.5,-27.3
43.293,777.8,381.0,-30.0
43.326,777.0,380.2,-32.4
43.360,776.5,381.0,-32.8
43.393,776.0,381.8,-34.5
43.427,775.2,381.0,-37.8
43.460,775.2,381.8,-39.5
43.494,774.8,382.0,-40.0
43.528,774.0,382.5,-42.8
43.561,773.2,382.0,-43.4
43.595,773.0,382.5,-48.4
43.628,772.8,382.5,-49.9
43.662,772.8,383.0,-52.1
43.695,772.0,383.5,-52.8
43.729,771.0,383.2,-56.5
43.763,770.5,383.5,-58.5
43.796,770.2,383.2,-59.0
43.830,770.8,382.8,-59.6
43.863,770.5,381.2,-60.0
43.897,772.0,378.2,-60.0
43.930,773.5,376.5,-60.6
43.964,775.0,372.8,-61.3
43.997,777.0,369.5,-59.9
44.031,778.8,366.2,-59.6
44.065,780.8,362.2,-59.6
44.098,783.2,359.0,-61.0
44.165,788.2,351.0,-61.0
44.199,790.5,347.0,-60.6
44.232,792.5,342.2,-60.0
44.266,795.8,338.0,-61.0
44.299,798.2,334.2,-60.9
44.333,801.2,329.8,-59.6
44.367,803.2,325.5,-60.3
44.400,805.2,320.5,-60.3
44.434,807.2,316.8,-58.8
44.467,809.2,312.5,-58.9
44.501,812.8,308.5,-58.9
44.534,814.5,304.5,-59.3
44.568,817.5,300.2,-60.0
44.602,819.0,296.8,-59.2
44.635,822.5,292.2,-60.0
44.669,824.8,288.0,-58.9
44.702,827.5,284.0,-58.5
44.736,829.8,279.2,-59.6
44.769,833.2,276.0,-58.9
44.803,835.2,271.5,-59.7
44.836,837.0,267.8,-58.6
44.870,837.8,263.5,-58.9
44.904,839.8,259.2,-59.6
44.937,842.2,255.0,-58.9
44.971,844.8,250.5,-60.3
45.004,846.8,246.0,-58.9
45.038,848.5,242.8,-59.2
45.071,851.0,238.0,-58.5
45.105,853.5,234.8,-59.2
45.138,856.8,231.0,-58.9
45.172,859.2,226.2,-58.2
45.206,860.8,221.8,-59.6
45.239,862.8,216.5,-58.9
45.273,865.2,212.0,-57.6
45.340,870.2,204.2,-59.0
45.373,871.8,201.0,-58.9
45.407,872.8,197.0,-58.9
45.441,874.8,193.0,-58.9
45.474,877.2,189.2,-58.2
45.508,881.0,185.0,-59.3
45.541,883.5,180.2,-60.0
45.575,885.5,176.0,-58.5
45.608,887.2,171.5,-57.6
45.642,888.8,168.0,-58.9
45.675,891.8,163.0,-58.9
45.709,894.0,159.2,-57.8
45.743,896.5,154.8,-58.6
45.776,898.5,151.2,-57.8
45.843,902.2,142.5,-57.6
45.877,904.0,138.5,-57.2
45.944,909.2,129.5,-57.6
45.978,912.0,125.5,-57.2
46.011,913.5,121.5,-57.2
46.045,916.2,117.5,-57.6
46.078,919.2,113.5,-57.6
46.112,921.5,109.5,-57.2
46.145,921.5,106.8,-57.4
46.179,922.2,104.2,-56.9
46.212,922.2,102.0,-57.6
46.246,924.0,101.0,-57.2
46.280,926.8,100.8,-56.9
46.313,928.8,101.0,-57.1
46.347,929.5,101.2,-57.4
46.380,928.0,101.8,-56.5
46.414,926.2,100.8,-56.9
46.447,926.0,100.0,-55.9
46.481,927.2,99.2,-56.9
46.514,928.8,98.5,-56.3
46.548,929.2,99.0,-57.6
46.582,928.8,99.8,-56.9
46.615,926.8,100.2,-57.8
46.649,926.0,100.8,-56.5
46.682,926.5,100.8,-57.4
46.716,928.0,99.8,-56.5
46.749,928.2,100.0,-56.3
46.783,928.5,100.0,-57.2
46.817,927.8,100.0,-56.3
46.850,927.0,99.8,-57.4
46.884,927.5,100.0,-56.7
46.917,928.0,98.8,-56.5
46.951,928.2,98.2,-56.9
46.984,926.8,98.5,-56.3
47.018,927.2,99.0,-57.6
47.051,927.2,99.8,-56.9
47.085,927.8,100.8,-56.9
47.119,926.8,101.5,-56.3
47.152,926.5,101.8,-57.4
47.186,925.5,101.0,-56.7
47.219,924.8,99.2,-55.7
47.253,925.0,98.8,-57.4
47.286,925.5,98.8,-57.4
47.320,926.5,100.0,-56.7
47.353,927.0,101.0,-56.7
47.387,928.8,102.0,-56.3
47.421,928.8,101.0,-56.3
47.454,928.2,99.5,-57.6
47.488,925.5,98.5,-56.7
47.521,926.2,97.2,-56.9
47.555,927.2,96.2,-56.9
47.588,929.2,98.0,-57.6
47.622,930.2,100.2,-56.9
47.656,929.8,101.2,-55.7
47.689,929.0,101.0,-56.7
47.723,928.5,100.5,-56.7
47.756,929.2,98.5,-55.5
47.790,930.0,96.8,-56.5
47.823,931.8,97.2,-56.9
47.857,931.5,98.0,-56.7
47.890,930.5,99.2,-57.4
47.924,929.0,100.5,-58.0
47.958,928.2,101.0,-56.3
47.991,928.5,100.2,-57.4
48.025,929.0,99.0,-56.7
48.058,929.5,97.8,-57.4
48.092,927.8,96.8,-56.9
48.125,926.8,97.8,-56.9
48.159,926.0,98.8,-56.5
48.192,928.2,98.8,-56.9
48.226,929.2,98.8,-56.9
48.260,931.8,99.0,-56.3
48.293,932.2,98.8,-56.9
48.327,932.5,99.0,-56.7
48.360,930.5,98.5,-56.7
48.394,930.5,98.8,-57.4
48.427,930.2,98.0,-57.6
48.461,930.5,97.8,-57.4
48.495,930.5,98.0,-56.7
48.528,930.5,98.0,-56.7
48.562,929.8,98.2,-56.9
48.595,929.0,99.5,-55.9
48.629,928.5,100.0,-56.7
48.662,928.5,100.0,-56.7
48.696,928.5,99.8,-57.4
48.729,929.8,99.0,-56.3
48.763,930.0,99.0,-57.2
48.797,930.2,98.8,-56.9
48.830,930.5,99.0,-56.7
48.864,930.5,98.8,-57.4
48.897,931.2,98.8,-56.9
48.931,932.5,99.2,-57.4
48.964,933.0,98.8,-57.4
48.998,934.0,98.8,-57.4
49.031,933.5,99.0,-56.7
49.065,932.8,97.2,-55.7
49.099,932.5,97.2,-57.4
49.132,932.5,96.8,-57.4
49.166,932.8,96.2,-55.7
49.199,933.8,97.5,-56.3
49.233,933.5,98.2,-57.4
49.266,932.5,99.0,-56.7
49.300,931.5,99.8,-57.4
49.334,931.5,99.0,-57.2
49.367,931.5,98.8,-57.4
49.401,932.0,98.0,-56.7
49.434,932.0,97.8,-57.4
49.468,931.5,98.0,-56.7
49.501,931.8,97.8,-56.9
49.535,932.0,97.0,-56.7
49.568,933.0,96.2,-57.4
49.602,933.5,96.5,-58.0
49.636,934.0,95.8,-57.4
49.669,934.0,95.8,-57.4
49.703,933.8,97.2,-55.7
49.736,933.0,98.0,-56.7
49.770,931.8,99.2,-56.9
49.803,930.0,100.0,-57.2
49.837,929.8,99.0,-56.3
49.870,929.5,97.8,-57.4
49.904,930.2,96.8,-56.9
49.938,929.8,97.0,-56.3
49.971,929.0,97.8,-56.5
50.005,929.0,98.8,-56.5
50.038,929.2,99.0,-56.3
50.072,928.5,99.8,-57.4
50.105,928.0,99.5,-57.2
50.139,928.2,98.0,-57.6
50.173,927.5,96.8,-57.4
50.206,927.5,96.2,-57.4
50.240,927.5,96.2,-57.4
50.273,926.8,97.2,-55.7
50.307,926.8,98.5,-56.3
50.340,926.5,99.8,-57.4
50.374,926.2,99.8,-56.9
50.407,927.0,100.0,-56.7
50.441,926.2,99.8,-56.9
50.475,925.8,98.2,-55.7
50.508,923.8,97.0,-56.3
50.542,923.2,96.2,-56.1
50.575,923.2,95.2,-56.1
50.609,925.0,95.8,-56.5
50.642,925.8,96.5,-56.3
50.676,926.2,97.0,-57.6
50.709,924.5,97.8,-57.4
50.743,924.5,98.0,-56.7
50.777,924.2,97.0,-57.6
50.810,924.0,96.0,-56.7
50.844,923.5,97.0,-56.7
50.877,923.0,96.5,-55.9
50.911,921.8,97.0,-56.3
50.944,920.0,97.8,-56.5
50.978,919.5,97.5,-56.7
51.012,919.5,97.5,-56.7
51.045,920.0,97.8,-56.5
51.079,921.0,97.0,-57.2
51.112,921.8,96.2,-56.9
51.146,922.2,96.2,-56.9
51.179,922.5,96.0,-56.7
51.213,923.5,96.0,-56.7
51.246,924.8,96.0,-56.3
51.280,924.8,95.5,-56.3
51.314,925.8,96.0,-56.3
51.347,924.0,95.5,-55.9
